State,pDC,cDC,cDC2,SiglecH(value/10),ATP_assay,Seahorse_Basal_Respiration,Seahorse_ATP_Production,Seahorse_Proton_Leak,Seahorse_Maximal_Respiration
shLacZ,25.252,58.42,35.35107,102.9357,68.380762,125.645,100.4675,25.1775,236.5875
shPNP,49.2,32.8,38.36666,181.6333,73.41343286,107.005,91.98,15.02,172.12
shTcirg1,6.9,77.66666,45,90.06667,162.3174375,101.325,87.915,13.41,139.26
shMthfd2,7.883333,73.23333,22.91667,41.77733,68.28785864,,,,
shPde8a,5.393333,79.23333,62.16667,138.7667,90.744945,,,,
shNt5c3,7.873333,72.76667,48.15,100.2,98.40114045,,,,
shCox15,1.705,94.65,43.75,41.25,82.63382417,,,,
shTcf4,,,,,65.01498389,90.8675,77.89,12.975,138.51